Week_Ending_Date,AWND,DAPR,MDPR,PRCP,SNOW,SNWD,TAVG,TMAX,TMIN,TOBS,WT01,WT02,WT03,WT04,WT05,WT06,WT08,WT11
2020-01-04,9.210749999999999,6.612903225806452,0.6217241379310345,0.020785198555956678,0.14859413202933985,0.3189160467587673,37.78125,43.290650406504064,28.983640081799592,33.68286445012788,1,1,NA,1,NA,NA,1,NA
2020-01-11,11.422642857142858,5.62,0.7295833333333334,0.31162784873528676,0.010212604403948368,0.04290322580645161,37.642857142857146,45.340987370838114,26.72885283893395,32.98268398268398,1,1,1,1,NA,1,1,1
2020-01-18,10.194357142857143,3.543859649122807,1.4505357142857143,0.16180516491945793,0.35837374114136517,0.5459349593495935,31.714285714285715,37.518648018648015,22.459837019790456,28.558309037900873,1,1,1,1,1,1,1,1
2020-01-25,9.213,3.5324675324675323,0.6205333333333334,0.08018797987821022,0.324857251617815,1.473982398239824,25.7,30.94724770642202,17.7,22.355300859598852,1,1,NA,1,NA,1,1,1
2020-02-01,5.4455,4.186440677966102,0.4298245614035088,0.01469828722002635,0.06284735439665017,1.513662456946039,32.714285714285715,34.669309173272936,27.444823663253697,29.64864864864865,1,1,NA,1,NA,1,1,NA
2020-02-08,10.334642857142857,4.387096774193548,0.22274193548387097,0.04771275167785235,0.2827937431793379,0.9951384963256077,36.07936507936508,42.01470588235294,27.880225988700566,31.28125,1,1,NA,1,NA,1,1,NA
2020-02-15,9.062928571428571,3.55,0.44759493670886075,0.10506965310024584,0.47715484363081617,1.630849315068493,27.26984126984127,33.54410080183276,16.17162471395881,22.427113702623906,1,1,NA,1,1,1,1,NA
2020-02-22,9.160285714285715,4.72093023255814,0.2169047619047619,0.03536320254506893,0.014985380116959065,0.8003577817531305,32.18032786885246,38.335220838052095,19.55631399317406,25.399147727272727,1,1,1,1,NA,NA,1,NA
2020-02-29,10.496071428571428,4.015873015873016,0.36311475409836064,0.06271489588894821,0.24152380952380953,0.5602395892755276,35.18032786885246,41.69090909090909,26.019450800915333,29.96987087517934,1,1,1,1,NA,NA,1,NA
2020-03-07,10.772642857142857,6.375,0.2496875,0.031238828202581927,0.005158306652436855,0.03012422360248447,44.111111111111114,52.18514285714286,29.339140534262487,36.26705370101597,1,1,1,1,1,NA,1,1
2020-03-14,11.165642857142856,3.1956521739130435,0.5408695652173913,0.14813088745661873,0.028302675585284282,0.029607843137254904,46.79365079365079,53.98271889400922,35.68577981651376,40.33670520231214,1,1,1,1,1,NA,1,1
2020-03-21,8.791428571428572,3.710144927536232,0.6628985507246377,0.19909385113268607,0.049556737588652484,0.038046272493573265,43.44444444444444,48.719339622641506,34.74912075029308,39.039881831610046,1,1,1,1,NA,1,1,1
2020-03-28,8.080214285714286,5.3076923076923075,0.5813157894736842,0.13049215922798552,0.28435866505830315,0.31124523506988566,47.22222222222222,50.50235849056604,35.82717520858164,41.2406015037594,1,1,1,1,1,1,1,1
2020-04-04,9.478273381294963,4.6,0.7171428571428572,0.04740065451145395,0,0,50.507936507936506,60.1433607520564,38.069988137603794,42.44461077844311,1,NA,1,NA,1,NA,1,1
2020-04-11,9.510571428571428,3.5,0.06666666666666667,0.03904103377918839,7.31528895391368e-5,6.435006435006436e-5,54.38095238095238,64.03567181926279,39.13809523809524,46.34431137724551,1,1,1,1,1,NA,1,1
2020-04-18,10.693785714285713,3,0.30125,0.10975005680527153,0.36750590086546026,0.3579064587973274,43.01587301587302,50.785377358490564,31.595971563981042,36.26093514328809,1,1,1,1,1,1,1,1
2020-04-25,9.217785714285714,3.8157894736842106,0.3981578947368421,0.12006741573033708,0,0,53.44444444444444,62.7141162514828,39.33491124260355,45.8997005988024,1,1,1,NA,1,NA,1,1
2020-05-02,10.154428571428571,3.2758620689655173,1.4171929824561404,0.39954263731566575,0,0,58.57142857142857,66.17798594847775,44.47176470588235,51.51840942562592,1,1,1,NA,1,NA,1,1
2020-05-09,9.232071428571428,2.8285714285714287,0.6211428571428571,0.09263336875664187,0,0,53.87301587301587,63.11150234741784,41.73310023310023,46.985272459499264,1,1,1,NA,NA,NA,1,1
2020-05-16,8.920714285714286,3.022222222222222,0.7477272727272727,0.2648303647158609,0,0,57.41269841269841,64.30409356725146,45.18127962085308,51.89497041420118,1,1,1,1,1,NA,1,1
2020-05-23,8.501928571428572,2.6363636363636362,1.6127692307692307,0.3604726056043496,0,0,62.857142857142854,68.7266355140187,55.05380116959064,58.721574344023324,1,1,1,NA,NA,NA,1,NA
2020-05-30,7.7942857142857145,3.0327868852459017,0.5598305084745763,0.18350228500207727,0,0,71.66666666666667,81.70808909730363,61.92605633802817,66.40762463343108,1,NA,1,NA,1,NA,1,1
2020-06-06,7.507898550724637,3.3846153846153846,0.2053846153846154,0.07684743616796792,0,0,73.74603174603175,83.23459715639811,61.220902612826606,67.72296296296297,1,1,1,NA,1,NA,1,1
2020-06-13,10.279926470588235,3.5813953488372094,0.3751219512195122,0.09270742358078603,0,0,74.0952380952381,84.6563245823389,61.53597122302158,67.49244712990937,1,1,1,NA,NA,NA,1,1
2020-06-20,5.783188405797102,3.5454545454545454,0.08878787878787879,0.010851244945733135,0,0,72.84126984126983,83.40167865707434,58.62064825930372,65.80030487804878,1,1,1,NA,NA,NA,1,1
2020-06-27,6.852426470588235,4,0.6783050847457627,0.27256527144633236,0,0,74.28571428571429,83.95210280373831,63.416666666666664,68.21114369501467,1,1,1,NA,1,NA,1,1
2020-07-04,5.395714285714286,3.6363636363636362,1.1622641509433962,0.17267827181208054,0,0,78.23809523809524,86.975495915986,68.66433566433567,72.99255952380952,1,1,1,NA,NA,NA,1,1
2020-07-11,5.383333333333334,5,0.6266666666666667,0.12984100763989262,0,0,81.17460317460318,90.8166089965398,69.12341407151095,73.7866473149492,1,1,1,NA,1,NA,1,1
2020-07-18,6.789352517985612,5.024390243902439,0.8174285714285714,0.22680566967953986,0,0,76.80952380952381,85.29723502304148,64.96896551724137,70.12936046511628,1,1,1,1,1,NA,1,1
2020-07-25,5.632,3.5172413793103448,0.613859649122807,0.1858047767393562,0,0,77.96825396825396,85.64361078546307,67.15402843601896,71.54558823529412,1,1,1,NA,NA,NA,1,1
2020-08-01,6.741214285714285,3.6470588235294117,0.7759183673469388,0.1668873210209587,0,0,76.92063492063492,84.89479905437352,66.99410377358491,70.89716840536512,1,1,1,NA,NA,NA,1,NA
2020-08-08,5.585899280575539,4.321428571428571,0.7403703703703703,0.05545699481865285,0,0,69.95238095238095,78.46904761904761,57.88507109004739,62.88288288288288,1,1,1,NA,NA,NA,1,NA
2020-08-15,5.375107913669065,4.297872340425532,0.39404255319148934,0.13051862523152913,0,0,76.60317460317461,85.9014423076923,64.97624703087887,69.4798206278027,1,1,1,NA,1,NA,1,1
2020-08-22,5.0185,3.892857142857143,0.08296296296296296,0.025717225766618647,0,0,72.3015873015873,82.95892018779342,58.72032902467685,63.60324483775811,1,1,1,NA,NA,NA,1,NA
2020-08-29,6.337071428571429,4.769230769230769,0.11359999999999999,0.02273323764609391,0,0,79.41269841269842,89.4140350877193,67.93772032902467,72.30147058823529,1,1,1,NA,NA,NA,1,NA
2020-09-05,6.263214285714286,4.195121951219512,0.306,0.06492481977342945,0,0,71.38095238095238,80.79245283018868,58.5661938534279,63.531107738998486,1,1,1,NA,NA,NA,1,NA
2020-09-12,8.59268115942029,3.231707317073171,1.243116883116883,0.36030810038767597,0,0,69.42857142857143,76.89929742388759,59.78655660377358,64.04833836858006,1,1,1,NA,1,NA,1,NA
2020-09-19,6.114857142857143,3.3472222222222223,0.6856338028169014,0.051848232848232846,0,0,65.11111111111111,75.60328638497653,52.476359338061464,56.254901960784316,1,1,1,NA,NA,NA,1,NA
2020-09-26,6.118357142857143,5.114285714285714,0.16034482758620688,2.6200873362445414e-4,0,0,63.888888888888886,75.88836662749706,49.70734597156398,55.2143928035982,1,1,NA,NA,NA,NA,1,NA
2020-10-03,7.640571428571429,4.63265306122449,0.3382978723404255,0.08054099042863087,0,0,56.3968253968254,67.32821723730815,46.04550758459743,49.99702823179792,1,1,1,NA,1,NA,1,NA
2020-10-10,7.330571428571429,4.073170731707317,0.18146341463414634,0.028309299895506793,0,0,60.42857142857143,71.77058823529411,44.081656804733726,51.364599092284415,1,1,NA,NA,NA,NA,1,NA
2020-10-17,9.874714285714285,5.325,0.0541025641025641,0.014987304274227677,0,0,57.34920634920635,70.9987951807229,41.81317365269461,49.3778801843318,1,1,1,NA,NA,NA,1,1
2020-10-24,9.145072463768116,3.684931506849315,0.5927777777777777,0.2958499584372402,0.0041753653444676405,0.0016174402250351617,52.07936507936508,60.90414201183432,41.91843971631206,46.88787878787879,1,1,1,1,1,NA,1,1
2020-10-31,8.322928571428571,4.2272727272727275,0.49046875,0.086185082282539,0.0061418990469467,0.0017049180327868853,42.42857142857143,47.098245614035086,33.694282380396736,37.297014925373134,1,NA,NA,1,NA,NA,1,NA
2020-11-07,9.485857142857142,4.228571428571429,0.181875,1.5625e-4,0,0,53.46031746031746,65.3631090487239,36.79766081871345,43.96101949025487,1,NA,NA,NA,NA,NA,1,1
2020-11-14,10.264071428571429,5.666666666666667,0.5779411764705882,0.07388888888888889,0,0,53.03174603174603,63.35829493087557,39.95375722543353,45.64540059347181,1,1,1,NA,1,NA,1,1
2020-11-21,12.395928571428572,3.217391304347826,0.5754347826086956,0.08332554186145347,0,0,47.6271186440678,55.515151515151516,34.736046511627904,40.787425149700596,1,NA,1,NA,NA,NA,1,1
2020-11-28,7.5564285714285715,3.310810810810811,0.8127692307692308,0.21492712638677397,0.08126923076923077,0.09037530266343825,42.08474576271186,48.01754385964912,33.94392523364486,37.71087928464978,1,1,1,1,NA,NA,1,NA
2020-12-05,7.495571428571428,4.243243243243243,0.3678125,0.0014949012801041442,2.913752913752914e-5,0,34.80952380952381,43.93985849056604,23.851938895417156,27.95352323838081,1,1,NA,1,NA,NA,1,NA
2020-12-12,7.033043478260869,6.344827586206897,0.22185185185185186,0.14474690419291766,0.020208845208845208,0.03044291952588896,40.61904761904762,47.66904761904762,30.45933014354067,35.087481146304675,1,1,NA,NA,NA,NA,1,NA
2020-12-19,8.124714285714285,3.282051282051282,0.6383783783783784,0.015789944134078214,0.050377595972309626,0.20039106145251398,31.365079365079364,35.82458233890215,23.521479713603817,27.512158054711247,1,1,NA,1,NA,1,1,NA
2020-12-26,12.238776978417267,3.8055555555555554,0.0967857142857143,0.019130235751888304,0.0031651519899717957,0.022417707150964812,33.06349206349206,40.820754716981135,20.401658767772513,26.46818181818182,1,1,1,NA,NA,NA,1,1
2021-01-02,9.696449275362319,3.625,0.565921052631579,0.17148971783835484,0.423019634394042,1.1026757607555089,32.142857142857146,37.501173708920184,22.109669811320753,27.890225563909773,1,1,NA,1,NA,1,1,NA
2021-01-09,7.219214285714286,4.0576923076923075,0.5457142857142857,0.013758309591642925,0.12411655300681959,2.048478701825558,31.555555555555557,34.910034602076124,25.416473317865428,28.134699853587115,1,1,NA,1,NA,1,1,NA
2021-01-16,8.909285714285714,5.228571428571429,0.2825,0.030059438896814075,0.106524506683641,1.224960753532182,32.87301587301587,36.765317919075144,25.935185185185187,29.351470588235294,1,1,NA,1,NA,1,1,NA
2021-01-23,9.268428571428572,3.453125,0.11767857142857142,0.011535119478638669,0.10773904700991366,1.267209668943773,30.476190476190474,36.34447004608295,18.730103806228374,22.94705882352941,1,1,1,1,NA,1,1,NA
2021-01-30,9.670942028985507,4.666666666666667,0.4315909090909091,0.08889532079112397,0.4057508939213349,2.4236736736736737,29.07936507936508,32.59931113662457,17.872266973532795,24.06038291605302,1,1,1,1,NA,1,1,1
2021-02-06,11.497412587412587,2.9148936170212765,0.7251219512195122,0.17176,0.721525323910483,5.8342546890424485,28.58730158730159,33.774193548387096,19.130334486735872,23.099415204678362,1,1,1,1,NA,1,1,1
2021-02-13,9.825384615384616,3.810344827586207,0.2227450980392157,0.036077348066298344,0.5820960698689956,7.047012505789717,11.317460317460318,15.17816091954023,2.702176403207331,5.724444444444444,1,1,NA,1,NA,1,1,NA
2021-02-20,8.605374149659864,3.5074626865671643,0.31206349206349204,0.06430541368743616,0.9987579521357165,11.33317025440313,10.619047619047619,15.545876887340302,-2.1203703703703702,3.990990990990991,1,1,NA,1,NA,NA,1,NA
2021-02-27,10.006530612244898,5.464285714285714,0.20961538461538462,0.019276554560851682,0.03377464788732394,6.511313868613139,39.58730158730159,44.91098265895954,25.67704728950404,32.62225475841874,1,1,NA,1,NA,1,1,NA
2021-03-06,7.783877551020408,6.219512195121951,0.5642105263157895,0.06674407909864337,0,1.2947482403898214,41,50.38792102206737,26.48723897911833,32.49189985272459,1,1,1,NA,NA,NA,1,NA
2021-03-13,10.606206896551724,5.378378378378378,0.17055555555555554,0.0594873532068654,0,0.1436,51.98412698412698,61.54630715123095,37.2778429073857,43.90936106983655,1,1,1,NA,NA,NA,1,1
2021-03-20,11.997278911564626,3.352272727272727,0.9569620253164557,0.244212086659065,0.08602965403624382,0.10166475315729047,43.492063492063494,48.48191365227538,34.06060606060606,37.209580838323355,1,1,1,1,NA,1,1,1
2021-03-27,10.003809523809524,4.938775510204081,0.6485416666666667,0.1174967824967825,0,0,53.15873015873016,60.31271878646441,40.88042203985932,46.09850746268657,1,1,1,NA,NA,NA,1,1
2021-04-03,12.776122448979592,3.5952380952380953,0.37558823529411767,0.030099114297764656,1.0073029463611182e-4,0,46.19047619047619,56.4075382803298,31.036342321219227,37.26676602086438,1,NA,1,NA,1,1,1,1
2021-04-10,10.355238095238095,4.076923076923077,0.24253968253968256,0.10542233209723939,0,0,62.03174603174603,72.69303423848878,49.13095238095238,54.61480362537765,1,1,1,NA,NA,NA,1,1
2021-04-17,8.051292517006802,3.197802197802198,0.6910588235294117,0.09623173492488166,0,0,51.17460317460318,58.75845974329055,39.68648018648019,43.74776119402985,1,1,1,NA,NA,NA,1,1
2021-04-24,7.528689655172414,3.216666666666667,0.15232142857142858,0.036361381021294194,0.028184128777181586,0.019897632757517596,47.65079365079365,56.61448598130841,36.289381563593935,41.46556886227545,1,1,1,1,NA,1,1,NA
2021-05-01,11.682585034013606,4,0.43803030303030305,0.12203609815453255,0,0,62.698412698412696,71.61619718309859,47.57025761124122,54.58108108108108,1,1,1,1,NA,NA,1,NA
2021-05-08,8.84849315068493,3.360655737704918,0.4031666666666667,0.08455555555555555,0,0,58.96825396825397,68.72385428907168,47.07701283547258,52.22827687776142,1,1,1,NA,1,NA,1,1
2021-05-15,6.822602739726028,3.090909090909091,0.9191666666666667,0.16676885841064945,0,0,53.888888888888886,62.97189695550351,39.61860465116279,46.42205882352941,1,1,1,NA,1,NA,1,NA
2021-05-22,8.938843537414966,3.9886363636363638,0.5477906976744186,0.15851498908080205,0,0,68.95238095238095,74.67096018735363,59.65967365967366,64.23054331864904,1,1,1,NA,NA,NA,1,1
2021-05-29,9.13,4.142857142857143,0.6296296296296297,0.1644652353752216,0,0,67.52380952380952,78.1120283018868,58.07101280558789,62.057522123893804,1,1,1,NA,NA,NA,1,1
2021-06-05,5.627210884353741,3.5,0.3107017543859649,0.030134529147982064,0,0,67.53968253968254,76.24349881796691,53.64512338425382,60.91127819548872,1,1,1,NA,NA,NA,1,NA
2021-06-12,5.514557823129252,4.666666666666667,0.3391228070175439,0.0767547931382442,0,0,78.28571428571429,87.15566037735849,67.7629716981132,72.3963963963964,1,1,1,NA,1,NA,1,1
2021-06-19,7.503537414965987,5.014285714285714,0.42,0.0996107007386704,0,0,77.84126984126983,88.05714285714286,62.36363636363637,69.33282904689864,1,1,1,NA,1,NA,1,1
2021-06-26,9.932448979591836,3.693877551020408,1.1380851063829787,0.435695102685624,0,0,72.88888888888889,80.68883610451306,61.85933806146572,67.35215453194651,1,1,1,NA,NA,NA,1,1
2021-07-03,6.1748299319727895,3.909090909090909,1.66875,0.3117440252814537,0,0,75.0952380952381,83.44852071005917,65.76959619952494,69.60331825037707,1,1,1,NA,1,NA,1,NA
2021-07-10,6.39265306122449,4.779411764705882,0.30257575757575755,0.06291490645745323,0,0,75.85714285714286,84.22076372315036,64.88249400479616,69.48584905660377,1,1,1,NA,NA,NA,1,NA
2021-07-17,7.180070422535211,4.155172413793103,1.0120353982300885,0.32692127368626683,0,0,73.6984126984127,79.640625,65.82240762812873,68.71406491499228,1,1,1,NA,1,NA,1,1
2021-07-24,5.462054794520548,4.394736842105263,0.7186956521739131,0.01626062883132292,0,0,76.80952380952381,84.82352941176471,65.79186602870813,70.01384615384616,1,1,1,NA,NA,NA,1,1
2021-07-31,5.3868027210884355,4.892307692307693,0.602741935483871,0.12880093585494248,0,0,78.26984126984127,87.02142857142857,66.72911694510739,70.6605222734255,1,1,1,NA,NA,NA,1,1
2021-08-07,5.208150684931507,4,0.23296875,0.02813485804416404,0,0,72.58730158730158,81.2790973871734,59.879041916167665,65.07317073170732,1,1,1,NA,NA,NA,1,NA
2021-08-14,8.37829931972789,4.423913043478261,0.8625609756097561,0.2894819863680623,0,0,78.41269841269842,87.23763570566948,68.52740560292327,72.63636363636364,1,1,1,1,NA,NA,1,1
2021-08-21,4.09047619047619,4.340909090909091,0.3444186046511628,0.017255323305333074,0,0,74.95238095238095,84.52267303102626,63.56642512077295,68.23181818181818,1,1,1,NA,NA,NA,1,1
2021-08-28,5.624520547945205,5.25531914893617,0.7482222222222222,0.1686277873070326,0,0,79.3015873015873,89.61511216056671,68.01551312649164,72.02105263157895,1,1,1,NA,1,NA,1,1
2021-09-04,6.143061224489796,3.5166666666666666,0.4405084745762712,0.08526808344706571,0,0,73.11111111111111,82.50352112676056,63.01766784452297,66.95209580838323,1,1,1,NA,NA,NA,1,NA
2021-09-11,6.945374149659864,3.609375,0.38936507936507936,0.09161108956960062,0,0,70.65079365079364,81.53488372093024,56.9593023255814,62.403298350824585,1,1,1,NA,1,NA,1,1
2021-09-18,6.7582312925170065,5.886363636363637,0.3009302325581395,0.019827352085354025,0,0,73.85714285714286,85.46332945285215,60.66785290628707,65.39242424242424,1,1,1,NA,NA,NA,1,NA
2021-09-25,8.939791666666666,3.746031746031746,0.5966129032258064,0.16221107466718118,0,0,66.06349206349206,77.67643610785463,54.525882352941174,58.506024096385545,1,1,1,NA,NA,NA,1,NA
2021-10-02,6.669727891156462,4.8431372549019605,0.3051063829787234,0.014131842260153031,0,0,71.06349206349206,83.67054714784634,56.95657276995305,62.57359635811836,1,1,1,NA,NA,NA,1,NA
2021-10-09,5.933061224489796,3.3275862068965516,0.6670535714285715,0.2086271844660194,0,0,68,75.37413394919169,60.80738177623991,63.53055141579732,1,1,1,NA,1,NA,1,NA
2021-10-16,8.485102040816326,4.336363636363636,0.8870588235294118,0.26941037735849055,0,0,64.61904761904762,74.08650519031141,55.282407407407405,59.41079460269865,1,1,1,NA,NA,NA,1,1
2021-10-23,6.468333333333334,4.7534246575342465,0.2488135593220339,0.005954878290124679,0,0,55.142857142857146,66.25840092699885,43.04756380510441,47.25341426403642,1,1,1,NA,NA,NA,1,NA
2021-10-30,10.311360544217687,3.828125,1.703362831858407,0.48392434988179667,0,0,52.333333333333336,57.775981524249424,43.154555940023066,47.44460856720827,1,1,1,NA,1,NA,1,1
2021-11-06,5.895238095238096,5.132075471698113,0.7276,0.0016326934494359786,0,0,41.904761904761905,51.93621867881549,30.98737083811711,34.625,1,1,NA,NA,NA,1,1,NA
2021-11-13,9.913287671232876,3.3974358974358974,0.26830985915492955,0.06369904684648145,0.001305767138193689,0,49.34920634920635,58.720504009163804,38.42988505747127,44.076470588235296,1,1,1,1,1,NA,1,1
2021-11-20,10.130068027210884,3.880434782608696,0.2706172839506173,0.028298589176668772,0.0018226002430133657,4.3640897755610974e-4,42.19047619047619,48.336009174311926,29.285057471264366,36.78306092124814,1,NA,NA,1,NA,NA,1,1
2021-11-27,9.862328767123287,4.3076923076923075,0.15404255319148935,0.030950448526270824,0,0,37.93650793650794,46.680507497116494,24.944508670520232,31.74736842105263,1,1,1,1,NA,1,1,NA
2021-12-04,7.692312925170068,5.454545454545454,0.1149056603773585,0.012139803334758444,0,1.3157894736842105e-4,44.61904761904762,52.97093023255814,31.36427732079906,36.90963855421687,1,1,1,1,NA,1,1,NA
2021-12-11,11.13891156462585,4.269230769230769,0.38769230769230767,0.1523231031543052,6.296508299942759e-4,0.006177606177606178,38.82539682539682,46.20721769499418,26.176744186046513,32.16444444444444,1,1,1,1,1,1,1,1
2021-12-18,11.36734693877551,4.145833333333333,0.5527272727272727,0.07517204757858964,0.0012899442978598651,0.001346153846153846,44.44444444444444,51.95920745920746,31.67093023255814,38.13988095238095,1,1,1,NA,NA,1,1,1
2021-12-25,8.807687074829932,4.125,0.42914285714285716,0.006027038813781073,5.116398055768739e-5,0,39.06349206349206,45.47257876312719,26.35906432748538,32.31570996978852,1,1,1,NA,NA,1,1,NA
2022-01-01,8.913835616438357,4.376237623762377,0.5141935483870967,0.13798612716763006,0.20929235167977125,0.337122969837587,41.44444444444444,46.777517564402814,32.08391608391609,36.29607250755287,1,1,1,1,1,1,1,1
2022-01-08,12.029115646258504,5.208955223880597,0.6571186440677966,0.05153233364573571,0.23633901976712698,1.7775274725274726,19.19047619047619,25.37102473498233,7.76056338028169,13.37593984962406,1,1,1,1,NA,1,1,1
2022-01-15,9.519863945578232,5.770833333333333,0.321,0.034608143092492355,0.1036281179138322,1.0216608594657375,30.444444444444443,36.748226950354606,17.82408500590319,24.36144578313253,1,1,NA,1,NA,1,1,1
2022-01-22,10.093945578231292,5.018867924528302,0.13837209302325582,0.0021901608325449384,0.009888947646747753,0.7343912290825159,22.61904761904762,30.159064327485382,10.341148886283705,16.97045790251108,1,1,NA,1,NA,NA,1,NA
2022-01-29,9.480277777777777,4.16,0.15022222222222223,0.02523021582733813,0.3499281815570238,2.002435064935065,21.238095238095237,29.10047281323877,7.199527744982291,14.873134328358208,1,NA,NA,1,NA,NA,1,NA
2022-02-05,10.976928571428571,2.8095238095238093,0.8188888888888889,0.11870830198143968,0.7713207547169811,4.0900105152471085,25.349206349206348,31.826968973747018,12.091232227488153,17.60923076923077,1,1,NA,1,NA,1,1,1
2022-02-12,10.478285714285715,5.324324324324325,0.42,0.023588150979455328,0.007692307692307693,3.3277272727272726,31.793650793650794,37.9468085106383,17.512367491166078,24.739064856711916,1,NA,NA,1,1,1,1,NA
2022-02-19,11.59768115942029,4.791666666666667,0.8680434782608696,0.18729976019184652,0.3636917453548584,1.2298650168728908,30.26984126984127,37.12117647058824,15.573270808909731,22.700149925037483,1,1,1,1,NA,1,1,1
2022-02-26,11.111481481481482,4.821917808219178,0.6347142857142857,0.10857628765792031,0.21094495704740693,0.5947552447552448,32.26229508196721,38.78562874251497,20.120048019207683,27.140030441400306,1,1,1,1,1,1,1,1
2022-03-05,9.151205673758865,6.675675675675675,0.5227777777777778,0.0013186813186813187,0,0.06570076877587226,45.06349206349206,52.55739644970414,28.241092636579573,35.60816944024206,1,NA,1,1,1,1,1,1
2022-03-12,10.346530612244898,4.521739130434782,0.6574418604651163,0.1406736938588451,0.3060938452163315,0.5163242642976125,33.36507936507937,42.58913813459268,24.45945945945946,27.02874432677761,1,1,1,1,NA,1,1,1
2022-03-19,9.201768707482993,4.666666666666667,0.19194444444444445,0.0815853930082387,7.926023778071334e-5,0.023472474289171204,49.80952380952381,59.530660377358494,34.70225385527877,41.97129909365559,1,1,1,1,1,NA,1,NA
2022-03-26,11.157671232876712,3.2577319587628866,0.624421052631579,0.16876150811047785,0.0036223036223036226,0.0016099071207430341,48.44444444444444,56.541079812206576,38.08323563892145,42.467065868263475,1,1,1,1,1,NA,1,1
2022-04-02,10.566137931034483,4.183333333333334,0.9238333333333333,0.23217828131680204,0.019789892106757523,0.022702702702702703,41.74603174603175,47.78546307151231,30.206815511163338,35.61940298507463,1,1,1,1,1,NA,1,1
2022-04-09,10.207619047619048,3.768421052631579,0.5447777777777778,0.15975791433891992,0.047908286403861626,0.025765765765765766,46.03174603174603,52.61181923522596,35.532558139534885,40.0500736377025,1,1,1,1,1,1,1,NA
2022-04-16,12.075241379310345,4.263888888888889,0.5434722222222222,0.12055042103101253,0,0.0031746031746031746,53.523809523809526,62.83139534883721,37.382456140350875,45.93648449039882,1,1,1,1,1,1,1,1
2022-04-23,11.607291666666667,3.8846153846153846,0.5044736842105263,0.14548136009832036,0.042455418381344305,0.03879310344827586,52.682539682539684,58.625145518044235,40.46207701283547,46.47189349112426,1,1,1,1,1,NA,1,NA
2022-04-30,11.688896551724138,4.256756756756757,0.6008219178082191,0.08240147783251231,0,0,56.93650793650794,65.35011709601874,44.91686182669789,50.02225519287834,1,1,1,NA,1,NA,1,1
2022-05-07,9.754421768707482,3.2211538461538463,0.8164423076923077,0.2789462107578484,0,0,55.3968253968254,61.1981351981352,46.23157894736842,50.047904191616766,1,NA,1,NA,1,NA,1,NA
2022-05-14,9.550272108843538,4.819672131147541,0.4059322033898305,0.011087655810213108,0,0,75.22222222222223,84.35739231664726,60.95449241540257,67.61812778603269,1,1,1,NA,NA,NA,1,NA
2022-05-21,8.474829931972788,3.62,0.3454838709677419,0.13801397205588822,0,0.006617647058823529,68.84126984126983,80.2777129521587,56.28736964078795,61.89333333333333,1,1,1,1,1,NA,1,1
2022-05-28,9.155034013605443,3.28,0.7888000000000001,0.2107192118226601,0,0,62.476190476190474,70.08594657375146,52.44947735191638,57.547477744807125,1,1,1,NA,1,NA,1,1
2022-06-04,9.468356164383561,4.791044776119403,0.49636363636363634,0.04497919556171984,0,0,72.80952380952381,81.48777648428405,60.19953325554259,66.06417910447762,1,1,1,NA,NA,NA,1,NA
2022-06-11,6.1145578231292514,3.739130434782609,0.4142028985507246,0.13121766193347598,0,0,70.0952380952381,79.06164383561644,58.9150401836969,63.82179675994109,1,1,1,NA,1,NA,1,NA
2022-06-18,9.157883211678833,5.166666666666667,0.3225,0.07335549472037545,0,0,81.19047619047619,89.89498249708285,67.90760233918128,73.74124809741248,1,1,1,NA,1,NA,1,1
2022-06-25,6.609928571428571,4.811320754716981,0.1404,0.01844909234411997,0,0,77.6984126984127,88.58343057176197,61.93083235638922,69.63746223564955,1,NA,1,NA,NA,NA,1,NA
2022-07-02,7.031904761904762,4.4125,0.8656578947368421,0.1382497541789577,0,0,74.55555555555556,84.0360465116279,61.61583236321304,67.87014925373134,1,NA,1,NA,NA,NA,1,1
2022-07-09,7.231224489795919,4.46875,0.7583333333333333,0.299441199376947,0,0,79.26984126984127,86.8030303030303,68.29625292740047,72.97774480712167,1,1,1,NA,NA,NA,1,1
2022-07-16,6.6545578231292515,4.257142857142857,0.5626984126984127,0.10721414538310413,0,0,76.26984126984127,84.09176470588235,63.8508875739645,69.03148425787107,1,1,1,NA,NA,NA,1,NA
2022-07-23,7.302925170068027,4.530120481927711,0.8764,0.1305198655860842,0,0,79.38095238095238,87.24705882352941,67.33842538190365,72.42388059701493,1,1,1,NA,1,NA,1,1
2022-07-30,5.681586206896552,4.266666666666667,1.0716470588235294,0.20305461767626615,0,0,75.11111111111111,82.9300118623962,64.10107015457788,68.26870229007633,1,1,1,NA,NA,NA,1,NA
2022-08-06,7.267659574468085,5.480769230769231,1.0169230769230768,0.17523350057892706,0,0,78.12698412698413,85.81381733021077,67.38145539906104,72.111782477341393,1,1,1,NA,1,NA,1,1
2022-08-13,6.287769784172662,4.2439024390243905,1.01175,0.16004692082111438,0,0,74.7936507936508,82.85933806146572,63.72716488730724,67.84006211180125,1,1,1,NA,NA,NA,1,NA
2022-08-20,6.118943661971831,5.065217391304348,0.29288888888888887,0.09288832586240499,0,0,72.4920634920635,81.25409836065573,60.95667447306791,65.20091324200914,1,1,1,NA,NA,NA,1,1
2022-08-27,4.365646258503402,4.0675675675675675,0.7026388888888889,0.104573206299825,0,0,73.6984126984127,82.35849056603773,61.381796690307326,65.52878787878788,1,1,1,NA,NA,NA,1,1
2022-09-03,6.643103448275862,4.612903225806452,0.6666101694915254,0.13679230467216333,0,0,74.82539682539682,84.67529411764706,62.770783847981,67.39031770045386,1,1,1,NA,NA,NA,1,1
2022-09-10,5.318027210884353,4.585365853658536,0.581604938271605,0.06421834753318803,0,0,71.34920634920636,80.1348182883939,60.93411764705883,63.984939759036145,1,1,1,NA,NA,NA,1,NA
2022-09-17,6.325714285714286,3.960526315789474,0.9749333333333333,0.19061922547670532,0,0,68.17460317460318,78.38652482269504,55.433607520564046,60.2,1,1,1,NA,NA,NA,1,NA
2022-09-24,7.180884353741496,4.564516129032258,0.7179032258064516,0.12961243360220343,0,0,70.6984126984127,80.72014051522248,58.376168224299064,62.80059523809524,1,1,1,NA,1,NA,1,1
2022-10-01,7.296598639455782,4.984848484848484,0.30333333333333334,0.01023004600920184,0,0,56.666666666666664,69.0754060324826,43.33757225433526,47.42751479289941,1,1,1,NA,NA,NA,1,1
2022-10-08,5.52108843537415,5.8936170212765955,0.11,0.010723453908984831,0,0,56.492063492063494,71.52093023255814,41.12325581395349,46.3026706231454,1,1,1,NA,NA,NA,1,NA
2022-10-15,8.51578231292517,4.228915662650603,0.35807228915662653,0.10574771915906386,0,0,55.17460317460318,66.44221698113208,39.94075829383886,46.41265060240964,1,1,1,1,NA,NA,1,NA
2022-10-22,10.989727891156463,5.186046511627907,0.23853658536585365,2.6142486529634804e-4,2.181500872600349e-5,0,49.20634920634921,59.533018867924525,33.773317591499406,39.91489361702128,1,NA,NA,NA,NA,NA,1,1
2022-10-29,9.54748299319728,4.747474747474747,0.7585106382978724,0.18397866455946266,0,0,56.04761904761905,66.9055489964581,44.43632075471698,48.51450381679389,1,1,1,NA,NA,NA,1,1
2022-11-05,9.334421768707482,3.6493506493506493,0.45853333333333335,0.12873809523809523,0,0,59.19047619047619,69.37780401416765,45.69276393831554,52.445454545454545,1,1,1,NA,1,NA,1,1
2022-11-12,10.57578231292517,4.514705882352941,0.5883823529411765,0.017181781211874747,0.042915564108732256,0.08407557354925776,51.17460317460318,61.97278106508876,39.735781990521325,44.45509893455099,1,1,1,1,NA,NA,1,1
2022-11-19,9.92,3.4057971014492754,0.1237878787878788,0.027832716183837945,0.1622852233676976,0.23033405172413793,30.984126984126984,35.884934756820876,23.175563463819692,26.27701674277017,1,NA,NA,1,NA,NA,1,1
2022-11-26,7.034421768707483,4.3,0.09744680851063829,0.006407938257993385,4.760711601102481e-4,0.011111111111111112,39.3968253968254,49.32662721893491,24.21513002364066,31.028963414634145,1,1,1,NA,NA,NA,1,NA
2022-12-03,12.654761904761905,5.036144578313253,0.6882926829268293,0.09609584524071224,0,0,39.317460317460316,48.19019138755981,25.916267942583733,32.59722222222222,1,1,1,NA,1,1,1,1
2022-12-10,6.410349650349651,4.589285714285714,0.2691071428571429,0.06670726402783819,0.012164527421236873,0.018691588785046728,39.12698412698413,43.5797619047619,30.1866028708134,34.847328244274806,1,1,1,1,1,NA,1,NA
2022-12-17,11.125034013605442,3.539473684210526,0.5968,0.2495839719728487,0.0658998646820027,0.1086021505376344,36.92063492063492,40.60649819494585,31.104441776710683,33.66153846153846,1,1,1,1,NA,1,1,1
2022-12-24,11.523877551020409,4.582278481012659,0.26573529411764707,0.01555660155330666,0.16912806539509537,0.6463251670378619,18.317460317460316,26.273955773955773,7.70406905055487,13.697160883280757,1,1,NA,1,NA,1,1,1
2022-12-31,10.948639455782313,5.161290322580645,0.20037383177570095,0.03497435897435897,0.05563380281690141,0.7584333905088622,31.714285714285715,36.42189421894219,18.11822660098522,26.570300157977883,1,1,1,1,NA,1,1,1
2023-01-07,7.793061224489796,5.614285714285714,0.6224242424242424,0.128158014571949,0.03612305656632484,0.04357509994288978,41,44.98894348894349,31.90651906519065,35.66352201257862,1,1,1,NA,1,1,1,1
2023-01-14,8.155034013605443,5.219512195121951,0.23692307692307693,0.018597574925646305,0.026075122482308113,0.042692750287686994,36.44444444444444,42.16969696969697,27.259124087591243,31.490683229813666,1,1,1,NA,NA,1,1,NA
2023-01-21,11.250821917808219,5.054054054054054,0.39171428571428574,0.14030413903498742,0.0031932773109243696,0.008287961282516637,39.26984126984127,42.85539215686274,31.001222493887532,34.899212598425194,1,1,1,1,1,1,1,NA
2023-01-28,9.302827586206897,2.9411764705882355,0.3002469135802469,0.06841477949940405,0.5385217663639211,1.2216284987277353,31.904761904761905,36.234432234432234,23.07230392156863,27.330203442879498,1,1,NA,1,1,1,1,NA
2023-02-04,9.835034013605442,4.578125,0.1842622950819672,0.018801305970149253,0.125854584915898,1.8467336683417086,21.063492063492063,28.269277845777232,8.776960784313726,14.273010920436818,1,NA,NA,1,NA,1,1,NA
2023-02-11,9.661428571428571,4.6976744186046515,0.6172093023255814,0.13609925892656635,0.005054454063110863,0.39912739965095984,39.41269841269841,47.284841075794624,25.684981684981686,33.10172143974961,1,1,1,NA,NA,1,1,1
2023-02-18,11.308561643835617,4.613636363636363,0.416046511627907,0.06801805869074493,0.10867018160515525,0.24625810253388333,39.888888888888886,47.54645476772616,27.050245098039216,33.36349206349206,1,1,1,1,1,1,1,1
2023-02-25,10.365510204081632,5,0.6717647058823529,0.15831505929738196,0.024100201554851715,0.06650803093396787,41.23809523809524,47.76092233009709,27.878493317132442,34.0046439628483,1,1,1,1,1,1,1,1
2023-03-04,9.944421768707484,3.7222222222222223,1.0954166666666667,0.23987711213517665,0.03689503456945317,0.04039975772259237,45.41269841269841,52.270731707317076,32.884287454323996,38.42080745341615,1,1,1,1,1,NA,1,1
2023-03-11,10.968707482993198,3.8035714285714284,0.46454545454545454,0.060102374210411674,0.14594594594594595,0.2648873072360617,43.317460317460316,50.17861482381531,33.94403892944039,37.64385692068429,1,1,1,1,NA,NA,1,NA
2023-03-18,12.269795918367347,3.701492537313433,0.38769230769230767,0.09544786096256684,0.09354740987579521,0.25554923164484916,35.58730158730159,42.574599260172626,25.642156862745097,29.78616352201258,1,1,1,1,NA,NA,1,1
2023-03-25,11.236326530612246,4.043010752688172,0.616144578313253,0.22090336590662324,0.09348469891411648,0.10277942046126552,42.87301587301587,48.524848484848484,30.25242718446602,35.91937984496124,1,1,1,1,1,NA,1,NA
2023-04-01,10.56843537414966,4.755813953488372,0.8234523809523809,0.12919166134864923,0.006992125984251968,0.05675675675675676,47.57142857142857,57.17831325301205,33.177536231884055,39.5546875,1,1,1,1,1,NA,1,1
2023-04-08,10.743194444444445,3.8507462686567164,0.655223880597015,0.10596363636363637,0,0,53.53968253968254,63.472553699284006,37.90203106332139,45.21362229102167,1,1,1,1,1,NA,1,1
2023-04-15,8.446802721088435,5.864864864864865,0.2936111111111111,0.0022882703777335985,0,0,64.12698412698413,76.05868263473054,46.134453781512605,53.3297213622291,1,NA,1,NA,1,NA,1,NA
2023-04-22,12.436802721088435,3.5194805194805197,0.43985915492957744,0.15893604303646144,0.022996742671009773,0.02272126816380449,53.22222222222222,65.52524038461539,39.9289156626506,45.311145510835914,1,1,1,1,1,1,1,1
2023-04-29,7.196734693877551,4.982758620689655,0.27793103448275863,0.019662067586482705,2.2836843440751078e-4,0,50.74603174603175,58.86496350364963,36.30647130647131,42.28909952606635,1,NA,1,1,NA,NA,1,NA
2023-05-06,11.404965986394558,4.123287671232877,0.2426388888888889,0.03878029710711493,0,0,56.22222222222222,64.94009779951101,42.24390243902439,47.974317817014445,1,NA,1,NA,1,NA,1,1
2023-05-13,7.671020408163265,3.6987951807228914,0.6663414634146342,0.20862593948737715,0,0,68.65079365079364,78.00489596083231,56.9680981595092,61.57667731629393,1,1,1,1,1,NA,1,1
2023-05-20,7.864652777777778,3.674698795180723,0.4748148148148148,0.10035019455252918,0,0,64.98412698412699,75.04907975460122,52.828220858895705,57.2624,1,1,1,NA,NA,NA,1,NA
2023-05-27,6.6269387755102045,5.136363636363637,0.19363636363636363,1.2379110251450678e-4,0,0,66.44444444444444,78.33457249070632,49.894932014833124,56.823338735818474,1,1,1,NA,NA,NA,1,NA
2023-06-03,5.035306122448979,6.63265306122449,0.05755102040816327,0.025019120458891014,0,0,74.85714285714286,86.91616038882138,59.045121951219514,66.46730462519936,1,NA,1,NA,NA,NA,1,NA
2023-06-10,5.7243150684931505,4.7924528301886795,0.06019230769230769,0.012749101909623748,0,0,71.03174603174604,83.39083232810616,54.32472324723247,61.35668789808917,1,1,1,NA,NA,NA,1,NA
2023-06-17,7.800544217687075,3.488888888888889,0.312,0.06830977845683728,0,0,68.4920634920635,78.39686369119421,54.29818181818182,59.861198738170344,1,1,1,NA,NA,NA,1,NA
2023-06-24,7.052671232876713,5.708333333333333,0.24577464788732395,0.01721945614707009,0,0,75.93650793650794,86.38146811070999,61.04216867469879,67.10174880763115,1,1,1,NA,NA,NA,1,NA
2023-07-01,8.232253521126761,6.578947368421052,0.4792592592592593,0.20101521900519673,0,0,76.87301587301587,85.25487804878048,64.45853658536585,69.27936507936508,1,1,1,NA,1,NA,1,1
2023-07-08,5.783605442176871,3.945945945945946,1.2520192307692308,0.3245327807083647,0,0,75.63492063492063,85.02850356294537,65.01553166069296,69.156346749226,1,1,1,NA,NA,NA,1,1
2023-07-15,6.194897959183673,4.463414634146342,1.0840506329113924,0.19183521989237334,0,0,75.92063492063492,84.87395957193817,63.217183770883054,68.20919175911251,1,1,1,NA,1,NA,1,1
2023-07-22,5.493537414965987,5.078651685393258,1.0558441558441558,0.06926696662917135,0,0,73.61904761904762,83.04326923076923,62.11672683513839,66.7496062992126,1,1,1,NA,1,NA,1,NA
2023-07-29,6.143402777777777,6.1265822784810124,0.7516883116883117,0.1820934065934066,0,0,80.39682539682539,89.8731884057971,67.61388550548112,72.63099041533546,1,1,1,NA,1,NA,1,1
2023-08-05,5.657687074829932,4.392857142857143,0.7113924050632912,0.10473880597014926,0,0,75.12698412698413,83.70266990291262,64.88807785888078,68.7124802527646,1,1,1,NA,1,NA,1,1
2023-08-12,6.303517241379311,3.9908256880733943,1.0445918367346938,0.25953720844131806,0,0,73.44444444444444,81.43961352657004,63.87727825030377,67.51177394034536,1,1,1,NA,1,NA,1,1
2023-08-19,7.003061224489796,4.651376146788991,0.7804807692307693,0.14150661942942383,0,0,70.93650793650794,79.99759036144579,59.083333333333336,63.89481946624804,1,1,1,NA,1,NA,1,1
2023-08-26,6.84530612244898,5.568627450980392,0.3304,0.026469490576600113,0,0,82.36507936507937,91.49578820697954,70.47533092659447,74.98275862068965,1,1,1,NA,NA,NA,1,NA
2023-09-02,6.1007482993197275,5.180327868852459,0.5098360655737705,0.03254138449962378,0,0,69.77777777777777,80.41031941031942,55.5453431372549,60.1008,1,1,1,NA,NA,NA,1,NA
2023-09-09,8.15390410958904,6.161764705882353,0.23911764705882352,0.07342203898050975,0,0,72.96825396825396,82.52121212121212,62.98673100120627,66.42721518987342,1,1,1,NA,NA,NA,1,1
2023-09-16,4.175479452054795,5.215189873417722,0.4104,0.07603829708124187,0,0,65.38095238095238,76.63625450180072,51.53389830508475,56.62170542635659,1,1,1,NA,NA,NA,1,NA
2023-09-23,5.945034013605442,3.986206896551724,0.8572519083969465,0.22329460269865067,0,0,67.60317460317461,77.2831541218638,55.86754176610979,60.30218068535826,1,1,1,NA,1,NA,1,NA
2023-09-30,5.469251700680272,4.278350515463917,0.6454347826086957,0.09470675851796687,0,0,70.06349206349206,80.27951807228915,57.752997601918466,61.53543307086614,1,1,1,NA,1,NA,1,NA
